{
  "urls": [
    "ch1.ogg",
    "ch1.m4a"
  ],
  "sprite": {
    "silence": [
      0,
      1000,
      true
    ],
    "BetDown": [
      1050,
      473.6507936507937
    ],
    "CashWin": [
      2100,
      1101.1337868480723
    ],
    "Match": [
      4150,
      2280.272108843537
    ],
    "MusicTermLose": [
      7200,
      1124.1496598639449
    ],
    "MusicTermWin": [
      9250,
      3707.0068027210896
    ],
    "Reveal02": [
      13300,
      304.76190476190544
    ],
    "WinRollTerm": [
      14350.000000000002,
      359.4104308390023
    ],
    "WinRollUp": [
      15400.000000000002,
      571.4285714285712
    ]
  }
}