{
  "urls": [
    "ch4.ogg",
    "ch4.m4a"
  ],
  "sprite": {
    "silence": [
      0,
      1000,
      true
    ],
    "BuyButton": [
      1050,
      1813.9682539682542
    ],
    "Click": [
      3100,
      310.5668934240362
    ],
    "Reveal03": [
      4150,
      328.8888888888888
    ],
    "SpinLoop": [
      5200,
      3949.455782312925
    ]
  }
}