{
  "urls": [
    "ch0.ogg",
    "ch0.m4a"
  ],
  "sprite": {
    "silence": [
      0,
      1000,
      true
    ],
    "BaseMusicLoop": [
      1050,
      13714.285714285714
    ],
    "BonusMusicLoop": [
      15100.000000000002,
      13714.285714285716
    ]
  }
}