{
  "urls": [
    "ch2.ogg",
    "ch2.m4a"
  ],
  "sprite": {
    "silence": [
      0,
      1000,
      true
    ],
    "7Win01": [
      1050,
      1553.2653061224491
    ],
    "ArrowWin": [
      3100,
      2258.321995464853
    ],
    "BetUp": [
      6150,
      510.8390022675735
    ],
    "Reveal04": [
      7200,
      323.21995464852637
    ]
  }
}