{
  "urls": [
    "ch3.ogg",
    "ch3.m4a"
  ],
  "sprite": {
    "silence": [
      0,
      1000,
      true
    ],
    "BetMax": [
      1050,
      702.3809523809523
    ],
    "Reveal01": [
      2100,
      311.31519274376404
    ],
    "Ruby01": [
      3150,
      1714.285714285714
    ],
    "SpinButton": [
      5199.999999999999,
      906.7346938775511
    ]
  }
}