{
  "urls": [
    "ch6.ogg",
    "ch6.m4a"
  ],
  "sprite": {
    "silence": [
      0,
      1000,
      true
    ],
    "BonusTransition": [
      1050,
      1505.2154195011337
    ],
    "BonusTriggered": [
      3100,
      2331.3605442176877
    ],
    "LoseLife": [
      6150,
      672.607709750567
    ],
    "RevealAll": [
      7200,
      1230.8163265306123
    ]
  }
}